{"bagging_fraction": 0.7826487939472496, "drop_rate": 0.022710911824057878, "feature_fraction": 0.558255403005798, "lambda_l1": 9.999238334233127, "lambda_l2": 3.8084689610502154, "max_bin": 101.29975753567267, "max_depth": 4.196780326491494, "max_drop": 36.20630220103844, "min_data_in_leaf": 49.15865791511713, "min_split_gain": 0.09634100311527644, "n_neighbors": 4.208907184186368, "num_leaves": 98.90036124250848}