{"bagging_fraction": 0.5865248104397857, "drop_rate": 0.33084258717966025, "feature_fraction": 0.671738783069191, "lambda_l1": 9.929229226648596, "lambda_l2": 5.431250162844944, "max_bin": 54.610448631060244, "max_depth": 3.0086886259593664, "max_drop": 28.6401980356557, "min_data_in_leaf": 7.418552279225327, "min_split_gain": 0.024435556109166024, "n_neighbors": 5.6700955505594095, "num_leaves": 39.24235073196665}