{"l1": 0.014292621207035117, "l2": 0.30100023196624015, "n_neighbors": 10.69465892778601}