{"l1": 0.2168472356533766, "l2": 0.5551926359441683, "n_neighbors": 3.0167325987967226}