{"l1": 0.011756976871844182, "l2": 0.3262980631785233, "n_neighbors": 7.1444045108144625}