{"l1": 0.002988761334869139, "l2": 0.01946744944027845, "n_neighbors": 19.65784708642015}