{"l1": 0.0035582703469878574, "l2": 0.00843913681699937, "n_neighbors": 8.576290498043818}